{
    "input_path": "data\\staging\\model_result\\invoice_12_512.jpg",
    "page_index": null,
    "model_settings": {
        "use_doc_preprocessor": true,
        "use_textline_orientation": true
    },
    "doc_preprocessor_res": {
        "input_path": null,
        "page_index": null,
        "model_settings": {
            "use_doc_orientation_classify": true,
            "use_doc_unwarping": true
        },
        "angle": 0
    },
    "dt_polys": [
        [
            [
                182,
                47
            ],
            [
                397,
                48
            ],
            [
                397,
                68
            ],
            [
                182,
                67
            ]
        ],
        [
            [
                190,
                64
            ],
            [
                387,
                65
            ],
            [
                387,
                83
            ],
            [
                190,
                82
            ]
        ],
        [
            [
                22,
                76
            ],
            [
                153,
                76
            ],
            [
                153,
                103
            ],
            [
                22,
                103
            ]
        ],
        [
            [
                202,
                80
            ],
            [
                374,
                81
            ],
            [
                374,
                99
            ],
            [
                202,
                98
            ]
        ],
        [
            [
                227,
                98
            ],
            [
                349,
                98
            ],
            [
                349,
                112
            ],
            [
                227,
                112
            ]
        ],
        [
            [
                148,
                123
            ],
            [
                295,
                122
            ],
            [
                295,
                139
            ],
            [
                148,
                140
            ]
        ],
        [
            [
                20,
                139
            ],
            [
                263,
                139
            ],
            [
                263,
                153
            ],
            [
                20,
                153
            ]
        ],
        [
            [
                321,
                140
            ],
            [
                425,
                142
            ],
            [
                425,
                156
            ],
            [
                321,
                154
            ]
        ],
        [
            [
                18,
                153
            ],
            [
                102,
                155
            ],
            [
                102,
                172
            ],
            [
                18,
                170
            ]
        ],
        [
            [
                302,
                155
            ],
            [
                436,
                157
            ],
            [
                436,
                170
            ],
            [
                302,
                168
            ]
        ],
        [
            [
                17,
                182
            ],
            [
                104,
                184
            ],
            [
                104,
                201
            ],
            [
                17,
                199
            ]
        ],
        [
            [
                198,
                185
            ],
            [
                257,
                185
            ],
            [
                257,
                199
            ],
            [
                198,
                199
            ]
        ],
        [
            [
                292,
                185
            ],
            [
                316,
                185
            ],
            [
                316,
                200
            ],
            [
                292,
                200
            ]
        ],
        [
            [
                362,
                185
            ],
            [
                426,
                185
            ],
            [
                426,
                202
            ],
            [
                362,
                202
            ]
        ],
        [
            [
                17,
                198
            ],
            [
                211,
                199
            ],
            [
                211,
                214
            ],
            [
                17,
                213
            ]
        ],
        [
            [
                204,
                198
            ],
            [
                336,
                199
            ],
            [
                336,
                216
            ],
            [
                204,
                215
            ]
        ],
        [
            [
                341,
                201
            ],
            [
                392,
                201
            ],
            [
                392,
                215
            ],
            [
                341,
                215
            ]
        ],
        [
            [
                18,
                215
            ],
            [
                152,
                215
            ],
            [
                152,
                228
            ],
            [
                18,
                228
            ]
        ],
        [
            [
                207,
                215
            ],
            [
                266,
                215
            ],
            [
                266,
                229
            ],
            [
                207,
                229
            ]
        ],
        [
            [
                313,
                216
            ],
            [
                326,
                216
            ],
            [
                326,
                230
            ],
            [
                313,
                230
            ]
        ],
        [
            [
                372,
                217
            ],
            [
                434,
                217
            ],
            [
                434,
                231
            ],
            [
                372,
                231
            ]
        ],
        [
            [
                17,
                242
            ],
            [
                230,
                242
            ],
            [
                230,
                259
            ],
            [
                17,
                259
            ]
        ],
        [
            [
                17,
                256
            ],
            [
                183,
                257
            ],
            [
                183,
                274
            ],
            [
                17,
                273
            ]
        ],
        [
            [
                374,
                247
            ],
            [
                434,
                247
            ],
            [
                434,
                258
            ],
            [
                374,
                258
            ]
        ],
        [
            [
                412,
                260
            ],
            [
                425,
                260
            ],
            [
                425,
                273
            ],
            [
                412,
                273
            ]
        ],
        [
            [
                16,
                271
            ],
            [
                163,
                272
            ],
            [
                163,
                289
            ],
            [
                16,
                288
            ]
        ],
        [
            [
                375,
                273
            ],
            [
                437,
                273
            ],
            [
                437,
                287
            ],
            [
                375,
                287
            ]
        ],
        [
            [
                27,
                285
            ],
            [
                113,
                289
            ],
            [
                112,
                306
            ],
            [
                26,
                302
            ]
        ],
        [
            [
                375,
                288
            ],
            [
                437,
                288
            ],
            [
                437,
                302
            ],
            [
                375,
                302
            ]
        ],
        [
            [
                17,
                301
            ],
            [
                145,
                304
            ],
            [
                145,
                321
            ],
            [
                17,
                318
            ]
        ],
        [
            [
                385,
                302
            ],
            [
                439,
                304
            ],
            [
                439,
                318
            ],
            [
                385,
                316
            ]
        ],
        [
            [
                98,
                318
            ],
            [
                359,
                316
            ],
            [
                359,
                334
            ],
            [
                98,
                336
            ]
        ],
        [
            [
                90,
                363
            ],
            [
                366,
                363
            ],
            [
                366,
                380
            ],
            [
                90,
                380
            ]
        ],
        [
            [
                19,
                379
            ],
            [
                55,
                379
            ],
            [
                55,
                393
            ],
            [
                19,
                393
            ]
        ],
        [
            [
                58,
                380
            ],
            [
                406,
                380
            ],
            [
                406,
                394
            ],
            [
                58,
                394
            ]
        ],
        [
            [
                412,
                379
            ],
            [
                444,
                379
            ],
            [
                444,
                394
            ],
            [
                412,
                394
            ]
        ],
        [
            [
                69,
                409
            ],
            [
                388,
                408
            ],
            [
                388,
                425
            ],
            [
                69,
                426
            ]
        ],
        [
            [
                17,
                423
            ],
            [
                439,
                424
            ],
            [
                439,
                441
            ],
            [
                17,
                440
            ]
        ]
    ],
    "text_det_params": {
        "limit_side_len": 64,
        "limit_type": "min",
        "thresh": 0.3,
        "max_side_limit": 4000,
        "box_thresh": 0.6,
        "unclip_ratio": 1.5
    },
    "text_type": "general",
    "textline_orientation_angles": [
        0,
        0,
        0,
        0,
        0,
        0,
        0,
        0,
        0,
        0,
        0,
        0,
        0,
        0,
        0,
        0,
        0,
        0,
        0,
        0,
        0,
        0,
        0,
        0,
        0,
        0,
        0,
        0,
        0,
        0,
        0,
        0,
        0,
        0,
        0,
        0,
        0,
        0
    ],
    "text_rec_score_thresh": 0.0,
    "return_word_box": false,
    "rec_texts": [
        "VM+ QNH Du án KDC lán bien coc 8",
        "DA khu DCLB coc 8, P. Câm Son",
        "VinCommerce",
        "TP. Cam Pha. T. Quang Ninh",
        "024.71066866-44561",
        "HOA ON BÁN HANG",
        "Ngáy bán:14/08/2020 21:37",
        "H:00073344",
        "Quãy:001",
        "NVBH:09021213",
        "Mät hâng",
        "dn giá",
        "SL",
        "T.Tién",
        "Kem hudng säu riêng",
        "Vinamilk hôp",
        "450m1",
        "8934673295208",
        "43.800",
        "1",
        "43.800",
        "TÖNG TIEN PHAI T.TOÁN",
        "TÖNG TIEN A GIAM",
        "43.800",
        "o",
        "TIEN KHÁCH TRÄ",
        "43.800",
        "TIÊN MÄT",
        "50.000",
        "TIEN TRA LAI",
        "6.200",
        "(Giá dã bao göm thué GTGT)",
        "chf xuãt hóa ddn trong ngày",
        "Tax",
        "invoice will be issued within same",
        "day",
        "CÁM GN QUY KHÁCH VÀ HEN GÄP LAI",
        "Hotline: 02471066866 website: vinmart.com"
    ],
    "rec_scores": [
        0.8954557776451111,
        0.9361886382102966,
        0.9982694983482361,
        0.9604501724243164,
        0.981637716293335,
        0.9109002947807312,
        0.9793565273284912,
        0.998583197593689,
        0.9426534175872803,
        0.9991826415061951,
        0.964572548866272,
        0.9494612216949463,
        0.9996855854988098,
        0.8980392813682556,
        0.9816645383834839,
        0.9869508743286133,
        0.9061654806137085,
        0.986977219581604,
        0.9997611045837402,
        0.9997988343238831,
        0.9815523028373718,
        0.9586953520774841,
        0.9298283457756042,
        0.9994036555290222,
        0.4040054678916931,
        0.9266382455825806,
        0.9972255229949951,
        0.876887857913971,
        0.9997732639312744,
        0.9568060040473938,
        0.9998332262039185,
        0.9231884479522705,
        0.9437353610992432,
        0.9998080730438232,
        0.9730148315429688,
        0.9998604655265808,
        0.9365906715393066,
        0.9872948527336121
    ],
    "rec_polys": [
        [
            [
                182,
                47
            ],
            [
                397,
                48
            ],
            [
                397,
                68
            ],
            [
                182,
                67
            ]
        ],
        [
            [
                190,
                64
            ],
            [
                387,
                65
            ],
            [
                387,
                83
            ],
            [
                190,
                82
            ]
        ],
        [
            [
                22,
                76
            ],
            [
                153,
                76
            ],
            [
                153,
                103
            ],
            [
                22,
                103
            ]
        ],
        [
            [
                202,
                80
            ],
            [
                374,
                81
            ],
            [
                374,
                99
            ],
            [
                202,
                98
            ]
        ],
        [
            [
                227,
                98
            ],
            [
                349,
                98
            ],
            [
                349,
                112
            ],
            [
                227,
                112
            ]
        ],
        [
            [
                148,
                123
            ],
            [
                295,
                122
            ],
            [
                295,
                139
            ],
            [
                148,
                140
            ]
        ],
        [
            [
                20,
                139
            ],
            [
                263,
                139
            ],
            [
                263,
                153
            ],
            [
                20,
                153
            ]
        ],
        [
            [
                321,
                140
            ],
            [
                425,
                142
            ],
            [
                425,
                156
            ],
            [
                321,
                154
            ]
        ],
        [
            [
                18,
                153
            ],
            [
                102,
                155
            ],
            [
                102,
                172
            ],
            [
                18,
                170
            ]
        ],
        [
            [
                302,
                155
            ],
            [
                436,
                157
            ],
            [
                436,
                170
            ],
            [
                302,
                168
            ]
        ],
        [
            [
                17,
                182
            ],
            [
                104,
                184
            ],
            [
                104,
                201
            ],
            [
                17,
                199
            ]
        ],
        [
            [
                198,
                185
            ],
            [
                257,
                185
            ],
            [
                257,
                199
            ],
            [
                198,
                199
            ]
        ],
        [
            [
                292,
                185
            ],
            [
                316,
                185
            ],
            [
                316,
                200
            ],
            [
                292,
                200
            ]
        ],
        [
            [
                362,
                185
            ],
            [
                426,
                185
            ],
            [
                426,
                202
            ],
            [
                362,
                202
            ]
        ],
        [
            [
                17,
                198
            ],
            [
                211,
                199
            ],
            [
                211,
                214
            ],
            [
                17,
                213
            ]
        ],
        [
            [
                204,
                198
            ],
            [
                336,
                199
            ],
            [
                336,
                216
            ],
            [
                204,
                215
            ]
        ],
        [
            [
                341,
                201
            ],
            [
                392,
                201
            ],
            [
                392,
                215
            ],
            [
                341,
                215
            ]
        ],
        [
            [
                18,
                215
            ],
            [
                152,
                215
            ],
            [
                152,
                228
            ],
            [
                18,
                228
            ]
        ],
        [
            [
                207,
                215
            ],
            [
                266,
                215
            ],
            [
                266,
                229
            ],
            [
                207,
                229
            ]
        ],
        [
            [
                313,
                216
            ],
            [
                326,
                216
            ],
            [
                326,
                230
            ],
            [
                313,
                230
            ]
        ],
        [
            [
                372,
                217
            ],
            [
                434,
                217
            ],
            [
                434,
                231
            ],
            [
                372,
                231
            ]
        ],
        [
            [
                17,
                242
            ],
            [
                230,
                242
            ],
            [
                230,
                259
            ],
            [
                17,
                259
            ]
        ],
        [
            [
                17,
                256
            ],
            [
                183,
                257
            ],
            [
                183,
                274
            ],
            [
                17,
                273
            ]
        ],
        [
            [
                374,
                247
            ],
            [
                434,
                247
            ],
            [
                434,
                258
            ],
            [
                374,
                258
            ]
        ],
        [
            [
                412,
                260
            ],
            [
                425,
                260
            ],
            [
                425,
                273
            ],
            [
                412,
                273
            ]
        ],
        [
            [
                16,
                271
            ],
            [
                163,
                272
            ],
            [
                163,
                289
            ],
            [
                16,
                288
            ]
        ],
        [
            [
                375,
                273
            ],
            [
                437,
                273
            ],
            [
                437,
                287
            ],
            [
                375,
                287
            ]
        ],
        [
            [
                27,
                285
            ],
            [
                113,
                289
            ],
            [
                112,
                306
            ],
            [
                26,
                302
            ]
        ],
        [
            [
                375,
                288
            ],
            [
                437,
                288
            ],
            [
                437,
                302
            ],
            [
                375,
                302
            ]
        ],
        [
            [
                17,
                301
            ],
            [
                145,
                304
            ],
            [
                145,
                321
            ],
            [
                17,
                318
            ]
        ],
        [
            [
                385,
                302
            ],
            [
                439,
                304
            ],
            [
                439,
                318
            ],
            [
                385,
                316
            ]
        ],
        [
            [
                98,
                318
            ],
            [
                359,
                316
            ],
            [
                359,
                334
            ],
            [
                98,
                336
            ]
        ],
        [
            [
                90,
                363
            ],
            [
                366,
                363
            ],
            [
                366,
                380
            ],
            [
                90,
                380
            ]
        ],
        [
            [
                19,
                379
            ],
            [
                55,
                379
            ],
            [
                55,
                393
            ],
            [
                19,
                393
            ]
        ],
        [
            [
                58,
                380
            ],
            [
                406,
                380
            ],
            [
                406,
                394
            ],
            [
                58,
                394
            ]
        ],
        [
            [
                412,
                379
            ],
            [
                444,
                379
            ],
            [
                444,
                394
            ],
            [
                412,
                394
            ]
        ],
        [
            [
                69,
                409
            ],
            [
                388,
                408
            ],
            [
                388,
                425
            ],
            [
                69,
                426
            ]
        ],
        [
            [
                17,
                423
            ],
            [
                439,
                424
            ],
            [
                439,
                441
            ],
            [
                17,
                440
            ]
        ]
    ],
    "rec_boxes": [
        [
            182,
            47,
            397,
            68
        ],
        [
            190,
            64,
            387,
            83
        ],
        [
            22,
            76,
            153,
            103
        ],
        [
            202,
            80,
            374,
            99
        ],
        [
            227,
            98,
            349,
            112
        ],
        [
            148,
            122,
            295,
            140
        ],
        [
            20,
            139,
            263,
            153
        ],
        [
            321,
            140,
            425,
            156
        ],
        [
            18,
            153,
            102,
            172
        ],
        [
            302,
            155,
            436,
            170
        ],
        [
            17,
            182,
            104,
            201
        ],
        [
            198,
            185,
            257,
            199
        ],
        [
            292,
            185,
            316,
            200
        ],
        [
            362,
            185,
            426,
            202
        ],
        [
            17,
            198,
            211,
            214
        ],
        [
            204,
            198,
            336,
            216
        ],
        [
            341,
            201,
            392,
            215
        ],
        [
            18,
            215,
            152,
            228
        ],
        [
            207,
            215,
            266,
            229
        ],
        [
            313,
            216,
            326,
            230
        ],
        [
            372,
            217,
            434,
            231
        ],
        [
            17,
            242,
            230,
            259
        ],
        [
            17,
            256,
            183,
            274
        ],
        [
            374,
            247,
            434,
            258
        ],
        [
            412,
            260,
            425,
            273
        ],
        [
            16,
            271,
            163,
            289
        ],
        [
            375,
            273,
            437,
            287
        ],
        [
            26,
            285,
            113,
            306
        ],
        [
            375,
            288,
            437,
            302
        ],
        [
            17,
            301,
            145,
            321
        ],
        [
            385,
            302,
            439,
            318
        ],
        [
            98,
            316,
            359,
            336
        ],
        [
            90,
            363,
            366,
            380
        ],
        [
            19,
            379,
            55,
            393
        ],
        [
            58,
            380,
            406,
            394
        ],
        [
            412,
            379,
            444,
            394
        ],
        [
            69,
            408,
            388,
            426
        ],
        [
            17,
            423,
            439,
            441
        ]
    ]
}