{
    "input_path": "data\\staging\\model_result\\invoice_11_512.jpg",
    "page_index": null,
    "model_settings": {
        "use_doc_preprocessor": true,
        "use_textline_orientation": true
    },
    "doc_preprocessor_res": {
        "input_path": null,
        "page_index": null,
        "model_settings": {
            "use_doc_orientation_classify": true,
            "use_doc_unwarping": true
        },
        "angle": 0
    },
    "dt_polys": [
        [
            [
                157,
                21
            ],
            [
                402,
                20
            ],
            [
                402,
                55
            ],
            [
                157,
                56
            ]
        ],
        [
            [
                138,
                61
            ],
            [
                342,
                57
            ],
            [
                342,
                78
            ],
            [
                138,
                82
            ]
        ],
        [
            [
                113,
                83
            ],
            [
                365,
                79
            ],
            [
                365,
                100
            ],
            [
                113,
                104
            ]
        ],
        [
            [
                134,
                103
            ],
            [
                345,
                100
            ],
            [
                345,
                120
            ],
            [
                134,
                123
            ]
        ],
        [
            [
                113,
                124
            ],
            [
                366,
                120
            ],
            [
                366,
                140
            ],
            [
                113,
                144
            ]
        ],
        [
            [
                183,
                142
            ],
            [
                296,
                140
            ],
            [
                296,
                161
            ],
            [
                183,
                163
            ]
        ],
        [
            [
                13,
                194
            ],
            [
                111,
                196
            ],
            [
                111,
                217
            ],
            [
                13,
                215
            ]
        ],
        [
            [
                125,
                198
            ],
            [
                219,
                198
            ],
            [
                219,
                215
            ],
            [
                125,
                215
            ]
        ],
        [
            [
                12,
                217
            ],
            [
                63,
                217
            ],
            [
                63,
                239
            ],
            [
                12,
                239
            ]
        ],
        [
            [
                97,
                223
            ],
            [
                109,
                223
            ],
            [
                109,
                237
            ],
            [
                97,
                237
            ]
        ],
        [
            [
                127,
                218
            ],
            [
                336,
                218
            ],
            [
                336,
                238
            ],
            [
                127,
                238
            ]
        ],
        [
            [
                12,
                240
            ],
            [
                86,
                240
            ],
            [
                86,
                261
            ],
            [
                12,
                261
            ]
        ],
        [
            [
                126,
                240
            ],
            [
                154,
                240
            ],
            [
                154,
                260
            ],
            [
                126,
                260
            ]
        ],
        [
            [
                30,
                263
            ],
            [
                146,
                263
            ],
            [
                146,
                283
            ],
            [
                30,
                283
            ]
        ],
        [
            [
                232,
                260
            ],
            [
                275,
                260
            ],
            [
                275,
                283
            ],
            [
                232,
                283
            ]
        ],
        [
            [
                303,
                260
            ],
            [
                360,
                260
            ],
            [
                360,
                281
            ],
            [
                303,
                281
            ]
        ],
        [
            [
                372,
                259
            ],
            [
                457,
                257
            ],
            [
                457,
                278
            ],
            [
                372,
                280
            ]
        ],
        [
            [
                313,
                281
            ],
            [
                353,
                281
            ],
            [
                353,
                303
            ],
            [
                313,
                303
            ]
        ],
        [
            [
                399,
                282
            ],
            [
                437,
                282
            ],
            [
                437,
                301
            ],
            [
                399,
                301
            ]
        ],
        [
            [
                13,
                305
            ],
            [
                80,
                305
            ],
            [
                80,
                326
            ],
            [
                13,
                326
            ]
        ],
        [
            [
                257,
                305
            ],
            [
                276,
                305
            ],
            [
                276,
                324
            ],
            [
                257,
                324
            ]
        ],
        [
            [
                294,
                304
            ],
            [
                349,
                304
            ],
            [
                349,
                322
            ],
            [
                294,
                322
            ]
        ],
        [
            [
                374,
                304
            ],
            [
                436,
                302
            ],
            [
                437,
                324
            ],
            [
                375,
                326
            ]
        ],
        [
            [
                231,
                336
            ],
            [
                293,
                334
            ],
            [
                293,
                352
            ],
            [
                231,
                354
            ]
        ],
        [
            [
                422,
                335
            ],
            [
                479,
                335
            ],
            [
                479,
                356
            ],
            [
                422,
                356
            ]
        ],
        [
            [
                156,
                359
            ],
            [
                293,
                356
            ],
            [
                293,
                377
            ],
            [
                156,
                380
            ]
        ],
        [
            [
                402,
                355
            ],
            [
                482,
                355
            ],
            [
                482,
                379
            ],
            [
                402,
                379
            ]
        ],
        [
            [
                145,
                380
            ],
            [
                293,
                377
            ],
            [
                293,
                397
            ],
            [
                145,
                400
            ]
        ],
        [
            [
                417,
                380
            ],
            [
                484,
                380
            ],
            [
                484,
                398
            ],
            [
                417,
                398
            ]
        ],
        [
            [
                205,
                401
            ],
            [
                292,
                401
            ],
            [
                292,
                419
            ],
            [
                205,
                419
            ]
        ],
        [
            [
                428,
                400
            ],
            [
                486,
                400
            ],
            [
                486,
                421
            ],
            [
                428,
                421
            ]
        ],
        [
            [
                90,
                434
            ],
            [
                420,
                433
            ],
            [
                420,
                457
            ],
            [
                90,
                458
            ]
        ],
        [
            [
                171,
                455
            ],
            [
                340,
                454
            ],
            [
                340,
                474
            ],
            [
                171,
                475
            ]
        ],
        [
            [
                132,
                474
            ],
            [
                382,
                473
            ],
            [
                382,
                497
            ],
            [
                132,
                498
            ]
        ]
    ],
    "text_det_params": {
        "limit_side_len": 64,
        "limit_type": "min",
        "thresh": 0.3,
        "max_side_limit": 4000,
        "box_thresh": 0.6,
        "unclip_ratio": 1.5
    },
    "text_type": "general",
    "textline_orientation_angles": [
        0,
        0,
        0,
        0,
        0,
        0,
        0,
        0,
        0,
        0,
        0,
        0,
        0,
        0,
        0,
        0,
        0,
        0,
        0,
        0,
        0,
        0,
        0,
        0,
        0,
        0,
        0,
        0,
        0,
        0,
        0,
        0,
        0,
        0
    ],
    "text_rec_score_thresh": 0.0,
    "return_word_box": false,
    "rec_texts": [
        "tan chay yee",
        "ABC HO TRADING",
        "No.2&4,JALAN HARMONI 3/2,",
        "TAMAN DESA HARMONI.",
        "81100 JOHOR BAHRU.JOHOR",
        "07-355 2616",
        "Cash Bill :",
        "01-143008",
        "Date",
        ":",
        "09/01/2019 8:01:11 PM",
        "Cashier",
        "01",
        "Description",
        "Qty",
        "Price",
        "Amount",
        "RM",
        "RM",
        "Plastic",
        "2",
        "15.50",
        "31.00",
        "Total :",
        "31.00",
        "Total Amount:",
        "31.00",
        "Cash Received :",
        "101.00",
        "Change :",
        "70.00",
        "*Goods Sold are non-refundable",
        "***Thank You**a",
        "***please Come Again***"
    ],
    "rec_scores": [
        0.9998859763145447,
        0.9995338320732117,
        0.9765058755874634,
        0.9995460510253906,
        0.9982526302337646,
        0.9999134540557861,
        0.9263252019882202,
        0.9958357214927673,
        0.9998289346694946,
        0.9528874158859253,
        0.9785678386688232,
        0.9998072385787964,
        0.9997548460960388,
        0.9993836879730225,
        0.9944227337837219,
        0.9998270273208618,
        0.9992445111274719,
        0.9998524188995361,
        0.9996387958526611,
        0.9507375359535217,
        0.9999918937683105,
        0.999942421913147,
        0.9999793767929077,
        0.9888052940368652,
        0.9680801630020142,
        0.9992181062698364,
        0.9992039799690247,
        0.9717372059822083,
        0.9998340010643005,
        0.9993382096290588,
        0.9998811483383179,
        0.9718664884567261,
        0.9395682215690613,
        0.9813264012336731
    ],
    "rec_polys": [
        [
            [
                157,
                21
            ],
            [
                402,
                20
            ],
            [
                402,
                55
            ],
            [
                157,
                56
            ]
        ],
        [
            [
                138,
                61
            ],
            [
                342,
                57
            ],
            [
                342,
                78
            ],
            [
                138,
                82
            ]
        ],
        [
            [
                113,
                83
            ],
            [
                365,
                79
            ],
            [
                365,
                100
            ],
            [
                113,
                104
            ]
        ],
        [
            [
                134,
                103
            ],
            [
                345,
                100
            ],
            [
                345,
                120
            ],
            [
                134,
                123
            ]
        ],
        [
            [
                113,
                124
            ],
            [
                366,
                120
            ],
            [
                366,
                140
            ],
            [
                113,
                144
            ]
        ],
        [
            [
                183,
                142
            ],
            [
                296,
                140
            ],
            [
                296,
                161
            ],
            [
                183,
                163
            ]
        ],
        [
            [
                13,
                194
            ],
            [
                111,
                196
            ],
            [
                111,
                217
            ],
            [
                13,
                215
            ]
        ],
        [
            [
                125,
                198
            ],
            [
                219,
                198
            ],
            [
                219,
                215
            ],
            [
                125,
                215
            ]
        ],
        [
            [
                12,
                217
            ],
            [
                63,
                217
            ],
            [
                63,
                239
            ],
            [
                12,
                239
            ]
        ],
        [
            [
                97,
                223
            ],
            [
                109,
                223
            ],
            [
                109,
                237
            ],
            [
                97,
                237
            ]
        ],
        [
            [
                127,
                218
            ],
            [
                336,
                218
            ],
            [
                336,
                238
            ],
            [
                127,
                238
            ]
        ],
        [
            [
                12,
                240
            ],
            [
                86,
                240
            ],
            [
                86,
                261
            ],
            [
                12,
                261
            ]
        ],
        [
            [
                126,
                240
            ],
            [
                154,
                240
            ],
            [
                154,
                260
            ],
            [
                126,
                260
            ]
        ],
        [
            [
                30,
                263
            ],
            [
                146,
                263
            ],
            [
                146,
                283
            ],
            [
                30,
                283
            ]
        ],
        [
            [
                232,
                260
            ],
            [
                275,
                260
            ],
            [
                275,
                283
            ],
            [
                232,
                283
            ]
        ],
        [
            [
                303,
                260
            ],
            [
                360,
                260
            ],
            [
                360,
                281
            ],
            [
                303,
                281
            ]
        ],
        [
            [
                372,
                259
            ],
            [
                457,
                257
            ],
            [
                457,
                278
            ],
            [
                372,
                280
            ]
        ],
        [
            [
                313,
                281
            ],
            [
                353,
                281
            ],
            [
                353,
                303
            ],
            [
                313,
                303
            ]
        ],
        [
            [
                399,
                282
            ],
            [
                437,
                282
            ],
            [
                437,
                301
            ],
            [
                399,
                301
            ]
        ],
        [
            [
                13,
                305
            ],
            [
                80,
                305
            ],
            [
                80,
                326
            ],
            [
                13,
                326
            ]
        ],
        [
            [
                257,
                305
            ],
            [
                276,
                305
            ],
            [
                276,
                324
            ],
            [
                257,
                324
            ]
        ],
        [
            [
                294,
                304
            ],
            [
                349,
                304
            ],
            [
                349,
                322
            ],
            [
                294,
                322
            ]
        ],
        [
            [
                374,
                304
            ],
            [
                436,
                302
            ],
            [
                437,
                324
            ],
            [
                375,
                326
            ]
        ],
        [
            [
                231,
                336
            ],
            [
                293,
                334
            ],
            [
                293,
                352
            ],
            [
                231,
                354
            ]
        ],
        [
            [
                422,
                335
            ],
            [
                479,
                335
            ],
            [
                479,
                356
            ],
            [
                422,
                356
            ]
        ],
        [
            [
                156,
                359
            ],
            [
                293,
                356
            ],
            [
                293,
                377
            ],
            [
                156,
                380
            ]
        ],
        [
            [
                402,
                355
            ],
            [
                482,
                355
            ],
            [
                482,
                379
            ],
            [
                402,
                379
            ]
        ],
        [
            [
                145,
                380
            ],
            [
                293,
                377
            ],
            [
                293,
                397
            ],
            [
                145,
                400
            ]
        ],
        [
            [
                417,
                380
            ],
            [
                484,
                380
            ],
            [
                484,
                398
            ],
            [
                417,
                398
            ]
        ],
        [
            [
                205,
                401
            ],
            [
                292,
                401
            ],
            [
                292,
                419
            ],
            [
                205,
                419
            ]
        ],
        [
            [
                428,
                400
            ],
            [
                486,
                400
            ],
            [
                486,
                421
            ],
            [
                428,
                421
            ]
        ],
        [
            [
                90,
                434
            ],
            [
                420,
                433
            ],
            [
                420,
                457
            ],
            [
                90,
                458
            ]
        ],
        [
            [
                171,
                455
            ],
            [
                340,
                454
            ],
            [
                340,
                474
            ],
            [
                171,
                475
            ]
        ],
        [
            [
                132,
                474
            ],
            [
                382,
                473
            ],
            [
                382,
                497
            ],
            [
                132,
                498
            ]
        ]
    ],
    "rec_boxes": [
        [
            157,
            20,
            402,
            56
        ],
        [
            138,
            57,
            342,
            82
        ],
        [
            113,
            79,
            365,
            104
        ],
        [
            134,
            100,
            345,
            123
        ],
        [
            113,
            120,
            366,
            144
        ],
        [
            183,
            140,
            296,
            163
        ],
        [
            13,
            194,
            111,
            217
        ],
        [
            125,
            198,
            219,
            215
        ],
        [
            12,
            217,
            63,
            239
        ],
        [
            97,
            223,
            109,
            237
        ],
        [
            127,
            218,
            336,
            238
        ],
        [
            12,
            240,
            86,
            261
        ],
        [
            126,
            240,
            154,
            260
        ],
        [
            30,
            263,
            146,
            283
        ],
        [
            232,
            260,
            275,
            283
        ],
        [
            303,
            260,
            360,
            281
        ],
        [
            372,
            257,
            457,
            280
        ],
        [
            313,
            281,
            353,
            303
        ],
        [
            399,
            282,
            437,
            301
        ],
        [
            13,
            305,
            80,
            326
        ],
        [
            257,
            305,
            276,
            324
        ],
        [
            294,
            304,
            349,
            322
        ],
        [
            374,
            302,
            437,
            326
        ],
        [
            231,
            334,
            293,
            354
        ],
        [
            422,
            335,
            479,
            356
        ],
        [
            156,
            356,
            293,
            380
        ],
        [
            402,
            355,
            482,
            379
        ],
        [
            145,
            377,
            293,
            400
        ],
        [
            417,
            380,
            484,
            398
        ],
        [
            205,
            401,
            292,
            419
        ],
        [
            428,
            400,
            486,
            421
        ],
        [
            90,
            433,
            420,
            458
        ],
        [
            171,
            454,
            340,
            475
        ],
        [
            132,
            473,
            382,
            498
        ]
    ]
}