{
    "input_path": "data\\staging\\model_result\\invoice_10_512.jpg",
    "page_index": null,
    "model_settings": {
        "use_doc_preprocessor": true,
        "use_textline_orientation": true
    },
    "doc_preprocessor_res": {
        "input_path": null,
        "page_index": null,
        "model_settings": {
            "use_doc_orientation_classify": true,
            "use_doc_unwarping": true
        },
        "angle": 0
    },
    "dt_polys": [
        [
            [
                121,
                47
            ],
            [
                386,
                47
            ],
            [
                386,
                103
            ],
            [
                121,
                103
            ]
        ],
        [
            [
                150,
                100
            ],
            [
                232,
                98
            ],
            [
                233,
                124
            ],
            [
                151,
                126
            ]
        ],
        [
            [
                228,
                97
            ],
            [
                360,
                97
            ],
            [
                360,
                125
            ],
            [
                228,
                125
            ]
        ],
        [
            [
                73,
                127
            ],
            [
                435,
                125
            ],
            [
                435,
                149
            ],
            [
                73,
                151
            ]
        ],
        [
            [
                126,
                150
            ],
            [
                380,
                150
            ],
            [
                380,
                170
            ],
            [
                126,
                170
            ]
        ],
        [
            [
                92,
                170
            ],
            [
                411,
                171
            ],
            [
                411,
                191
            ],
            [
                92,
                190
            ]
        ],
        [
            [
                17,
                207
            ],
            [
                104,
                207
            ],
            [
                104,
                232
            ],
            [
                17,
                232
            ]
        ],
        [
            [
                262,
                208
            ],
            [
                296,
                208
            ],
            [
                296,
                228
            ],
            [
                262,
                228
            ]
        ],
        [
            [
                331,
                209
            ],
            [
                358,
                209
            ],
            [
                358,
                230
            ],
            [
                331,
                230
            ]
        ],
        [
            [
                17,
                240
            ],
            [
                170,
                238
            ],
            [
                170,
                260
            ],
            [
                17,
                262
            ]
        ],
        [
            [
                237,
                241
            ],
            [
                297,
                241
            ],
            [
                297,
                263
            ],
            [
                237,
                263
            ]
        ],
        [
            [
                339,
                243
            ],
            [
                352,
                243
            ],
            [
                352,
                259
            ],
            [
                339,
                259
            ]
        ],
        [
            [
                424,
                239
            ],
            [
                484,
                237
            ],
            [
                485,
                258
            ],
            [
                425,
                260
            ]
        ],
        [
            [
                17,
                260
            ],
            [
                138,
                260
            ],
            [
                138,
                281
            ],
            [
                17,
                281
            ]
        ],
        [
            [
                16,
                279
            ],
            [
                115,
                279
            ],
            [
                115,
                303
            ],
            [
                16,
                303
            ]
        ],
        [
            [
                16,
                306
            ],
            [
                158,
                304
            ],
            [
                158,
                328
            ],
            [
                16,
                330
            ]
        ],
        [
            [
                237,
                309
            ],
            [
                297,
                309
            ],
            [
                297,
                330
            ],
            [
                237,
                330
            ]
        ],
        [
            [
                340,
                310
            ],
            [
                352,
                310
            ],
            [
                352,
                327
            ],
            [
                340,
                327
            ]
        ],
        [
            [
                426,
                305
            ],
            [
                489,
                305
            ],
            [
                489,
                327
            ],
            [
                426,
                327
            ]
        ],
        [
            [
                15,
                328
            ],
            [
                113,
                328
            ],
            [
                113,
                352
            ],
            [
                15,
                352
            ]
        ],
        [
            [
                15,
                348
            ],
            [
                162,
                346
            ],
            [
                162,
                368
            ],
            [
                15,
                370
            ]
        ],
        [
            [
                15,
                374
            ],
            [
                162,
                372
            ],
            [
                162,
                393
            ],
            [
                15,
                395
            ]
        ],
        [
            [
                238,
                374
            ],
            [
                298,
                374
            ],
            [
                298,
                395
            ],
            [
                238,
                395
            ]
        ],
        [
            [
                341,
                376
            ],
            [
                353,
                376
            ],
            [
                353,
                393
            ],
            [
                341,
                393
            ]
        ],
        [
            [
                430,
                373
            ],
            [
                493,
                373
            ],
            [
                493,
                395
            ],
            [
                430,
                395
            ]
        ],
        [
            [
                17,
                395
            ],
            [
                163,
                395
            ],
            [
                163,
                415
            ],
            [
                17,
                415
            ]
        ],
        [
            [
                395,
                395
            ],
            [
                493,
                395
            ],
            [
                493,
                416
            ],
            [
                395,
                416
            ]
        ],
        [
            [
                18,
                429
            ],
            [
                212,
                431
            ],
            [
                212,
                455
            ],
            [
                18,
                453
            ]
        ],
        [
            [
                431,
                429
            ],
            [
                493,
                429
            ],
            [
                493,
                451
            ],
            [
                431,
                451
            ]
        ],
        [
            [
                18,
                455
            ],
            [
                191,
                455
            ],
            [
                191,
                479
            ],
            [
                18,
                479
            ]
        ],
        [
            [
                434,
                454
            ],
            [
                494,
                454
            ],
            [
                494,
                476
            ],
            [
                434,
                476
            ]
        ],
        [
            [
                17,
                484
            ],
            [
                276,
                482
            ],
            [
                276,
                509
            ],
            [
                17,
                511
            ]
        ],
        [
            [
                432,
                482
            ],
            [
                494,
                482
            ],
            [
                494,
                504
            ],
            [
                432,
                504
            ]
        ]
    ],
    "text_det_params": {
        "limit_side_len": 64,
        "limit_type": "min",
        "thresh": 0.3,
        "max_side_limit": 4000,
        "box_thresh": 0.6,
        "unclip_ratio": 1.5
    },
    "text_type": "general",
    "textline_orientation_angles": [
        0,
        0,
        0,
        0,
        0,
        0,
        0,
        0,
        0,
        0,
        0,
        0,
        0,
        0,
        0,
        0,
        0,
        0,
        0,
        0,
        0,
        0,
        0,
        0,
        0,
        0,
        0,
        0,
        0,
        0,
        0,
        0,
        0
    ],
    "text_rec_score_thresh": 0.0,
    "return_word_box": false,
    "rec_texts": [
        "WinMart",
        "PHIÉU",
        "TÍNH TIÈN",
        "14/04/2025 08:45|MSCH:1675|NV:09017155",
        "PTT:167505250405322JHVWWIN",
        "Mã CQT: M1-25-CPN7O-04054705322",
        "Mat hàng",
        "Giá",
        "SL",
        "NAM DU'O'NG Sót",
        "20,200",
        "1",
        "20,200",
        "Dàu Dám Trôn",
        "Salad 250g",
        "MOC CHÂU Süra",
        "40,700",
        "1",
        "40,700",
        "thanh trùng",
        "k.duròng H 900ml",
        "WINECO Xà lách",
        "15,500",
        "1",
        "15,500",
        "lolo xanh L1 300g",
        "KM: -3, 100",
        "TÔNG GIÁ TRI DO'N",
        "76,400",
        "TÓNG TIÈN GIÁM",
        "-3,100",
        "TÔNG TIÈN THANH TOÁN",
        "73,300"
    ],
    "rec_scores": [
        0.9997377991676331,
        0.9099205732345581,
        0.9900208711624146,
        0.9969922304153442,
        0.9424861073493958,
        0.9978610873222351,
        0.980864405632019,
        0.9917888641357422,
        0.9985933899879456,
        0.9830763936042786,
        0.999373733997345,
        0.9999823570251465,
        0.9958215355873108,
        0.9477474093437195,
        0.9998624920845032,
        0.9067003726959229,
        0.9996007084846497,
        0.9999669790267944,
        0.998244047164917,
        0.9967030882835388,
        0.9362513422966003,
        0.993139922618866,
        0.9957828521728516,
        0.999976396560669,
        0.9970760941505432,
        0.9805073738098145,
        0.9268646240234375,
        0.9469477534294128,
        0.9995691180229187,
        0.9350754022598267,
        0.9995093941688538,
        0.987048327922821,
        0.9997701644897461
    ],
    "rec_polys": [
        [
            [
                121,
                47
            ],
            [
                386,
                47
            ],
            [
                386,
                103
            ],
            [
                121,
                103
            ]
        ],
        [
            [
                150,
                100
            ],
            [
                232,
                98
            ],
            [
                233,
                124
            ],
            [
                151,
                126
            ]
        ],
        [
            [
                228,
                97
            ],
            [
                360,
                97
            ],
            [
                360,
                125
            ],
            [
                228,
                125
            ]
        ],
        [
            [
                73,
                127
            ],
            [
                435,
                125
            ],
            [
                435,
                149
            ],
            [
                73,
                151
            ]
        ],
        [
            [
                126,
                150
            ],
            [
                380,
                150
            ],
            [
                380,
                170
            ],
            [
                126,
                170
            ]
        ],
        [
            [
                92,
                170
            ],
            [
                411,
                171
            ],
            [
                411,
                191
            ],
            [
                92,
                190
            ]
        ],
        [
            [
                17,
                207
            ],
            [
                104,
                207
            ],
            [
                104,
                232
            ],
            [
                17,
                232
            ]
        ],
        [
            [
                262,
                208
            ],
            [
                296,
                208
            ],
            [
                296,
                228
            ],
            [
                262,
                228
            ]
        ],
        [
            [
                331,
                209
            ],
            [
                358,
                209
            ],
            [
                358,
                230
            ],
            [
                331,
                230
            ]
        ],
        [
            [
                17,
                240
            ],
            [
                170,
                238
            ],
            [
                170,
                260
            ],
            [
                17,
                262
            ]
        ],
        [
            [
                237,
                241
            ],
            [
                297,
                241
            ],
            [
                297,
                263
            ],
            [
                237,
                263
            ]
        ],
        [
            [
                339,
                243
            ],
            [
                352,
                243
            ],
            [
                352,
                259
            ],
            [
                339,
                259
            ]
        ],
        [
            [
                424,
                239
            ],
            [
                484,
                237
            ],
            [
                485,
                258
            ],
            [
                425,
                260
            ]
        ],
        [
            [
                17,
                260
            ],
            [
                138,
                260
            ],
            [
                138,
                281
            ],
            [
                17,
                281
            ]
        ],
        [
            [
                16,
                279
            ],
            [
                115,
                279
            ],
            [
                115,
                303
            ],
            [
                16,
                303
            ]
        ],
        [
            [
                16,
                306
            ],
            [
                158,
                304
            ],
            [
                158,
                328
            ],
            [
                16,
                330
            ]
        ],
        [
            [
                237,
                309
            ],
            [
                297,
                309
            ],
            [
                297,
                330
            ],
            [
                237,
                330
            ]
        ],
        [
            [
                340,
                310
            ],
            [
                352,
                310
            ],
            [
                352,
                327
            ],
            [
                340,
                327
            ]
        ],
        [
            [
                426,
                305
            ],
            [
                489,
                305
            ],
            [
                489,
                327
            ],
            [
                426,
                327
            ]
        ],
        [
            [
                15,
                328
            ],
            [
                113,
                328
            ],
            [
                113,
                352
            ],
            [
                15,
                352
            ]
        ],
        [
            [
                15,
                348
            ],
            [
                162,
                346
            ],
            [
                162,
                368
            ],
            [
                15,
                370
            ]
        ],
        [
            [
                15,
                374
            ],
            [
                162,
                372
            ],
            [
                162,
                393
            ],
            [
                15,
                395
            ]
        ],
        [
            [
                238,
                374
            ],
            [
                298,
                374
            ],
            [
                298,
                395
            ],
            [
                238,
                395
            ]
        ],
        [
            [
                341,
                376
            ],
            [
                353,
                376
            ],
            [
                353,
                393
            ],
            [
                341,
                393
            ]
        ],
        [
            [
                430,
                373
            ],
            [
                493,
                373
            ],
            [
                493,
                395
            ],
            [
                430,
                395
            ]
        ],
        [
            [
                17,
                395
            ],
            [
                163,
                395
            ],
            [
                163,
                415
            ],
            [
                17,
                415
            ]
        ],
        [
            [
                395,
                395
            ],
            [
                493,
                395
            ],
            [
                493,
                416
            ],
            [
                395,
                416
            ]
        ],
        [
            [
                18,
                429
            ],
            [
                212,
                431
            ],
            [
                212,
                455
            ],
            [
                18,
                453
            ]
        ],
        [
            [
                431,
                429
            ],
            [
                493,
                429
            ],
            [
                493,
                451
            ],
            [
                431,
                451
            ]
        ],
        [
            [
                18,
                455
            ],
            [
                191,
                455
            ],
            [
                191,
                479
            ],
            [
                18,
                479
            ]
        ],
        [
            [
                434,
                454
            ],
            [
                494,
                454
            ],
            [
                494,
                476
            ],
            [
                434,
                476
            ]
        ],
        [
            [
                17,
                484
            ],
            [
                276,
                482
            ],
            [
                276,
                509
            ],
            [
                17,
                511
            ]
        ],
        [
            [
                432,
                482
            ],
            [
                494,
                482
            ],
            [
                494,
                504
            ],
            [
                432,
                504
            ]
        ]
    ],
    "rec_boxes": [
        [
            121,
            47,
            386,
            103
        ],
        [
            150,
            98,
            233,
            126
        ],
        [
            228,
            97,
            360,
            125
        ],
        [
            73,
            125,
            435,
            151
        ],
        [
            126,
            150,
            380,
            170
        ],
        [
            92,
            170,
            411,
            191
        ],
        [
            17,
            207,
            104,
            232
        ],
        [
            262,
            208,
            296,
            228
        ],
        [
            331,
            209,
            358,
            230
        ],
        [
            17,
            238,
            170,
            262
        ],
        [
            237,
            241,
            297,
            263
        ],
        [
            339,
            243,
            352,
            259
        ],
        [
            424,
            237,
            485,
            260
        ],
        [
            17,
            260,
            138,
            281
        ],
        [
            16,
            279,
            115,
            303
        ],
        [
            16,
            304,
            158,
            330
        ],
        [
            237,
            309,
            297,
            330
        ],
        [
            340,
            310,
            352,
            327
        ],
        [
            426,
            305,
            489,
            327
        ],
        [
            15,
            328,
            113,
            352
        ],
        [
            15,
            346,
            162,
            370
        ],
        [
            15,
            372,
            162,
            395
        ],
        [
            238,
            374,
            298,
            395
        ],
        [
            341,
            376,
            353,
            393
        ],
        [
            430,
            373,
            493,
            395
        ],
        [
            17,
            395,
            163,
            415
        ],
        [
            395,
            395,
            493,
            416
        ],
        [
            18,
            429,
            212,
            455
        ],
        [
            431,
            429,
            493,
            451
        ],
        [
            18,
            455,
            191,
            479
        ],
        [
            434,
            454,
            494,
            476
        ],
        [
            17,
            482,
            276,
            511
        ],
        [
            432,
            482,
            494,
            504
        ]
    ]
}