{
  "invoice_number": "I",
  "store_name": "WinMart",
  "store_address": "14/04/2025 08:45|MSCH:1675|NV:09017155 PTT:167505250405322JHVWWIN Mã CQT: M1-25-CPN7O-04054705322 PTT:167505250405322JHVWWIN Mã CQT: M1-25-CPN7O-04054705322 Mat hàng Giá SL Mã CQT: M1-25-CPN7O-04054705322 Mat hàng Giá SL NAM DU'O'NG Sót 20,200 1 20,200",
  "total_amount": 73300.0,
  "invoice_date": "2025-04-14",
  "items": [
    {
      "product_name": "14/04/2025 08:45|MSCH:1675|NV:09017155",
      "quantity": 1,
      "unit_price": 25.0,
      "total_price": 7.0
    },
    {
      "product_name": "Mat hàng Giá SL",
      "quantity": 20200,
      "unit_price": 1.0,
      "total_price": 20200.0
    },
    {
      "product_name": "k.duròng H 900ml",
      "quantity": 15500,
      "unit_price": 1.0,
      "total_price": 15500.0
    },
    {
      "product_name": "Unknown Product",
      "quantity": 1,
      "unit_price": 300.0,
      "total_price": 3.0
    }
  ]
}