{
  "invoice_number": "TROOM",
  "store_name": "LIGHTROOM No: 28. JALAN ASTANA SDN 1C BHD",
  "store_address": "LIGHTROOM No: 28. JALAN ASTANA SDN 1C BHD BANDAR BUKIT RAJA 41050 KLANG SELANGOR D. E. MALAYSIA BANDAR BUKIT RAJA 41050 KLANG SELANGOR D. E. MALAYSIA GST No. : 000584089600 KLANG SELANGOR D. E. MALAYSIA GST No. : 000584089600 ROC No. (1072825-A) GST No. : 000584089600 ROC No. (1072825-A) To1:03-3362 4395 Fax:03-3362 4395 ROC No. (1072825-A) To1:03-3362 4395 Fax:03-3362 4395 CH50514 SR YE3O BK T5 YT51874 1 JOINT * RM 7W WW LED TRACK 2PTN 2PCS 2.83 UNT C O. 17)RM LIGHT 2.83 SR 2 * RM 33.02 UNI 3. 96) =RM 66.04 YE3O BK T5 YT51874 1 JOINT * RM 7W WW LED TRACK 2PTN 2PCS 2.83 UNT C O. 17)RM LIGHT 2.83 SR 2 * RM 33.02 UNI 3. 96) =RM 66.04 Sub GST/TAX Service Total 6% Charge .. RM RM RM 68.87 0.00 4. 13",
  "total_amount": null,
  "invoice_date": "2017-12-20",
  "items": [
    {
      "product_name": "YE3O BK T5 YT51874 1 JOINT * RM 7W WW LED TRACK 2PTN 2PCS 2.83 UNT C O. 17)RM LIGHT 2.83 SR",
      "quantity": 33,
      "unit_price": 66.04,
      "total_price": 66.04
    },
    {
      "product_name": "CA TO? .... RM RM 73.00 73.00",
      "quantity": 1,
      "unit_price": 3.0,
      "total_price": 3.0
    },
    {
      "product_name": "Unknown Product",
      "quantity": 111,
      "unit_price": 20.0,
      "total_price": 12.0
    },
    {
      "product_name": "Goods Sola are not refundable. returnable",
      "quantity": 5128,
      "unit_price": 4851.0,
      "total_price": 2118.0
    },
    {
      "product_name": "Unknown Product",
      "quantity": 5626,
      "unit_price": 4732.0,
      "total_price": 1744.0
    },
    {
      "product_name": "Unknown Product",
      "quantity": 888,
      "unit_price": 100.0,
      "total_price": 123.0
    },
    {
      "product_name": "Unknown Product",
      "quantity": 6,
      "unit_price": 68.87,
      "total_price": 8.0
    }
  ]
}