{
  "invoice_number": "Du",
  "store_name": "VinCommerce TP. Cam Pha. T. Quang Ninh",
  "store_address": "024.71066866-44561 HOA ON BÁN HANG Ngáy bán:14/08/2020 21:37 H:00073344 Ngáy bán:14/08/2020 21:37 H:00073344 Quãy:001 NVBH:09021213 Mät hâng dn giá SL T.Tién Quãy:001 NVBH:09021213 Mät hâng dn giá SL T.Tién Kem hudng säu riêng Vinamilk hôp 450m1 8934673295208 43.800 1 43.800 TÖNG TIEN PHAI T.TOÁN 43.800 TÖNG TIEN A GIAM o Hotline: 02471066866 website: vinmart.com",
  "total_amount": null,
  "invoice_date": "2020-08-14",
  "items": [
    {
      "product_name": "024.71066866-44561",
      "quantity": 14,
      "unit_price": 8.0,
      "total_price": 2020.0
    },
    {
      "product_name": "Unknown Product",
      "quantity": 1,
      "unit_price": 1.0,
      "total_price": 9021213.0
    },
    {
      "product_name": "Mät hâng dn giá SL T.Tién",
      "quantity": 1,
      "unit_price": 450.0,
      "total_price": 1.0
    },
    {
      "product_name": "Unknown Product",
      "quantity": 43,
      "unit_price": 8934673295208.0,
      "total_price": 1.0
    }
  ]
}