{
  "invoice_number": "ay",
  "store_name": null,
  "store_address": "No.2&4,JALAN HARMONI 3/2, TAMAN DESA HARMONI. 81100 JOHOR BAHRU.JOHOR 81100 JOHOR BAHRU.JOHOR 07-355 2616 Cash Bill : 01-143008 Date : 09/01/2019 8:01:11 PM Cashier 01",
  "total_amount": null,
  "invoice_date": "2019-01-09",
  "items": [
    {
      "product_name": "81100 JOHOR BAHRU.JOHOR",
      "quantity": 7,
      "unit_price": 355.0,
      "total_price": 2616.0
    },
    {
      "product_name": "Unknown Product",
      "quantity": 1,
      "unit_price": 1.0,
      "total_price": 143008.0
    },
    {
      "product_name": "Unknown Product",
      "quantity": 9,
      "unit_price": 1.0,
      "total_price": 2019.0
    },
    {
      "product_name": "RM RM",
      "quantity": 2,
      "unit_price": 15.5,
      "total_price": 31.0
    }
  ]
}